,election.year.calendar,position.label,province.name,province.code,Mujer,Var√≥n,n/d
0,1983,Gobernador/a,BUENOS AIRES,1,7.142857142857142,92.85714285714286,0.0
1,1983,Gobernador/a,CATAMARCA,2,9.090909090909092,90.9090909090909,0.0
2,1983,Gobernador/a,CHACO,3,0.0,100.0,0.0
3,1983,Gobernador/a,CHUBUT,4,0.0,100.0,0.0
4,1983,Gobernador/a,CORDOBA,5,0.0,100.0,0.0
5,1983,Gobernador/a,CORRIENTES,6,0.0,100.0,0.0
6,1983,Gobernador/a,ENTRE RIOS,7,0.0,100.0,0.0
7,1983,Gobernador/a,FORMOSA,8,0.0,100.0,0.0
8,1983,Gobernador/a,JUJUY,9,11.11111111111111,88.88888888888889,0.0
9,1983,Gobernador/a,LA PAMPA,10,0.0,100.0,0.0
10,1983,Gobernador/a,LA RIOJA,11,0.0,100.0,0.0
11,1983,Gobernador/a,MENDOZA,12,0.0,100.0,0.0
12,1983,Gobernador/a,MISIONES,13,0.0,100.0,0.0
13,1983,Gobernador/a,NEUQUEN,14,0.0,100.0,0.0
14,1983,Gobernador/a,RIO NEGRO,15,9.090909090909092,90.9090909090909,0.0
15,1983,Gobernador/a,SALTA,16,10.0,90.0,0.0
16,1983,Gobernador/a,SAN JUAN,17,0.0,100.0,0.0
17,1983,Gobernador/a,SAN LUIS,18,0.0,100.0,0.0
18,1983,Gobernador/a,SANTA CRUZ,19,14.285714285714285,85.71428571428571,0.0
19,1983,Gobernador/a,SANTA FE,20,0.0,100.0,0.0
20,1983,Gobernador/a,SANTIAGO DEL ESTERO,21,0.0,100.0,0.0
21,1983,Gobernador/a,TUCUMAN,23,0.0,100.0,0.0
22,1983,Vicebogernador/a,BUENOS AIRES,1,21.428571428571427,78.57142857142857,0.0
23,1983,Vicebogernador/a,CATAMARCA,2,0.0,100.0,0.0
24,1983,Vicebogernador/a,CHACO,3,20.0,80.0,0.0
25,1983,Vicebogernador/a,CHUBUT,4,0.0,100.0,0.0
26,1983,Vicebogernador/a,CORDOBA,5,10.0,90.0,0.0
27,1983,Vicebogernador/a,CORRIENTES,6,0.0,100.0,0.0
28,1983,Vicebogernador/a,ENTRE RIOS,7,12.5,87.5,0.0
29,1983,Vicebogernador/a,FORMOSA,8,0.0,100.0,0.0
30,1983,Vicebogernador/a,JUJUY,9,22.22222222222222,77.77777777777779,0.0
31,1983,Vicebogernador/a,LA PAMPA,10,12.5,87.5,0.0
32,1983,Vicebogernador/a,LA RIOJA,11,0.0,100.0,0.0
33,1983,Vicebogernador/a,MENDOZA,12,16.666666666666664,83.33333333333334,0.0
34,1983,Vicebogernador/a,MISIONES,13,0.0,100.0,0.0
35,1983,Vicebogernador/a,NEUQUEN,14,14.285714285714285,85.71428571428571,0.0
36,1983,Vicebogernador/a,RIO NEGRO,15,,,11.0
37,1983,Vicebogernador/a,SALTA,16,0.0,100.0,0.0
38,1983,Vicebogernador/a,SAN JUAN,17,8.333333333333332,91.66666666666666,0.0
39,1983,Vicebogernador/a,SAN LUIS,18,,,4.0
40,1983,Vicebogernador/a,SANTA CRUZ,19,0.0,100.0,0.0
41,1983,Vicebogernador/a,SANTA FE,20,30.76923076923077,69.23076923076923,0.0
42,1983,Vicebogernador/a,SANTIAGO DEL ESTERO,21,,,9.0
43,1983,Vicebogernador/a,TUCUMAN,23,,,15.0
44,1987,Gobernador/a,BUENOS AIRES,1,7.142857142857142,92.85714285714286,0.0
45,1987,Gobernador/a,CATAMARCA,2,0.0,100.0,0.0
46,1987,Gobernador/a,CHACO,3,0.0,100.0,0.0
47,1987,Gobernador/a,CHUBUT,4,0.0,100.0,0.0
48,1987,Gobernador/a,CORDOBA,5,0.0,100.0,0.0
49,1987,Gobernador/a,CORRIENTES,6,0.0,100.0,1.0
50,1987,Gobernador/a,ENTRE RIOS,7,0.0,100.0,0.0
51,1987,Gobernador/a,FORMOSA,8,0.0,100.0,3.0
52,1987,Gobernador/a,JUJUY,9,0.0,100.0,1.0
53,1987,Gobernador/a,LA PAMPA,10,0.0,100.0,0.0
54,1987,Gobernador/a,LA RIOJA,11,0.0,100.0,1.0
55,1987,Gobernador/a,MENDOZA,12,0.0,100.0,0.0
56,1987,Gobernador/a,MISIONES,13,0.0,100.0,0.0
57,1987,Gobernador/a,NEUQUEN,14,11.11111111111111,88.88888888888889,0.0
58,1987,Gobernador/a,RIO NEGRO,15,0.0,100.0,0.0
59,1987,Gobernador/a,SALTA,16,14.285714285714285,85.71428571428571,0.0
60,1987,Gobernador/a,SAN JUAN,17,10.0,90.0,0.0
61,1987,Gobernador/a,SAN LUIS,18,0.0,100.0,0.0
62,1987,Gobernador/a,SANTA CRUZ,19,28.57142857142857,71.42857142857143,0.0
63,1987,Gobernador/a,SANTA FE,20,0.0,100.0,0.0
64,1987,Gobernador/a,SANTIAGO DEL ESTERO,21,0.0,100.0,0.0
65,1987,Gobernador/a,TUCUMAN,23,7.6923076923076925,92.3076923076923,0.0
66,1987,Vicebogernador/a,BUENOS AIRES,1,7.142857142857142,92.85714285714286,0.0
67,1987,Vicebogernador/a,CATAMARCA,2,10.0,90.0,0.0
68,1987,Vicebogernador/a,CHACO,3,25.0,75.0,0.0
69,1987,Vicebogernador/a,CHUBUT,4,36.36363636363637,63.63636363636363,0.0
70,1987,Vicebogernador/a,CORDOBA,5,10.0,90.0,0.0
71,1987,Vicebogernador/a,CORRIENTES,6,11.11111111111111,88.88888888888889,2.0
72,1987,Vicebogernador/a,ENTRE RIOS,7,12.5,87.5,0.0
73,1987,Vicebogernador/a,FORMOSA,8,20.0,80.0,3.0
74,1987,Vicebogernador/a,JUJUY,9,30.0,70.0,1.0
75,1987,Vicebogernador/a,LA PAMPA,10,0.0,100.0,0.0
76,1987,Vicebogernador/a,LA RIOJA,11,12.5,87.5,0.0
77,1987,Vicebogernador/a,MENDOZA,12,30.0,70.0,0.0
78,1987,Vicebogernador/a,MISIONES,13,11.11111111111111,88.88888888888889,0.0
79,1987,Vicebogernador/a,NEUQUEN,14,11.11111111111111,88.88888888888889,0.0
80,1987,Vicebogernador/a,RIO NEGRO,15,,,9.0
81,1987,Vicebogernador/a,SALTA,16,0.0,100.0,0.0
82,1987,Vicebogernador/a,SAN JUAN,17,20.0,80.0,0.0
83,1987,Vicebogernador/a,SAN LUIS,18,0.0,100.0,0.0
84,1987,Vicebogernador/a,SANTA CRUZ,19,14.285714285714285,85.71428571428571,0.0
85,1987,Vicebogernador/a,SANTA FE,20,21.428571428571427,78.57142857142857,0.0
86,1987,Vicebogernador/a,SANTIAGO DEL ESTERO,21,12.5,87.5,0.0
87,1987,Vicebogernador/a,TUCUMAN,23,,,13.0
88,1988,Gobernador/a,CATAMARCA,2,0.0,100.0,0.0
89,1988,Vicebogernador/a,CATAMARCA,2,,,11.0
90,1991,Gobernador/a,BUENOS AIRES,1,0.0,100.0,0.0
91,1991,Gobernador/a,CATAMARCA,2,14.285714285714285,85.71428571428571,0.0
92,1991,Gobernador/a,CHACO,3,0.0,100.0,0.0
93,1991,Gobernador/a,CHUBUT,4,0.0,100.0,0.0
94,1991,Gobernador/a,CORDOBA,5,8.333333333333332,91.66666666666666,0.0
95,1991,Gobernador/a,CORRIENTES,6,0.0,100.0,0.0
96,1991,Gobernador/a,ENTRE RIOS,7,0.0,100.0,0.0
97,1991,Gobernador/a,FORMOSA,8,0.0,100.0,0.0
98,1991,Gobernador/a,JUJUY,9,0.0,100.0,0.0
99,1991,Gobernador/a,LA PAMPA,10,0.0,100.0,0.0
100,1991,Gobernador/a,LA RIOJA,11,0.0,100.0,0.0
101,1991,Gobernador/a,MENDOZA,12,0.0,100.0,0.0
102,1991,Gobernador/a,MISIONES,13,0.0,100.0,0.0
103,1991,Gobernador/a,NEUQUEN,14,0.0,100.0,0.0
104,1991,Gobernador/a,RIO NEGRO,15,0.0,100.0,0.0
105,1991,Gobernador/a,SALTA,16,13.333333333333334,86.66666666666667,0.0
106,1991,Gobernador/a,SAN JUAN,17,0.0,100.0,0.0
107,1991,Gobernador/a,SAN LUIS,18,9.090909090909092,90.9090909090909,0.0
108,1991,Gobernador/a,SANTA CRUZ,19,14.285714285714285,85.71428571428571,0.0
109,1991,Gobernador/a,SANTA FE,20,0.0,100.0,0.0
110,1991,Gobernador/a,SANTIAGO DEL ESTERO,21,0.0,100.0,0.0
111,1991,Gobernador/a,TIERRA DEL FUEGO,22,14.285714285714285,85.71428571428571,2.0
112,1991,Gobernador/a,TUCUMAN,23,10.0,90.0,0.0
113,1991,Vicebogernador/a,BUENOS AIRES,1,25.0,75.0,0.0
114,1991,Vicebogernador/a,CATAMARCA,2,14.285714285714285,85.71428571428571,0.0
115,1991,Vicebogernador/a,CHACO,3,0.0,100.0,0.0
116,1991,Vicebogernador/a,CHUBUT,4,13.333333333333334,86.66666666666667,0.0
117,1991,Vicebogernador/a,CORDOBA,5,41.66666666666667,58.333333333333336,0.0
118,1991,Vicebogernador/a,CORRIENTES,6,25.0,75.0,0.0
119,1991,Vicebogernador/a,ENTRE RIOS,7,33.33333333333333,66.66666666666666,0.0
120,1991,Vicebogernador/a,FORMOSA,8,21.428571428571427,78.57142857142857,0.0
121,1991,Vicebogernador/a,JUJUY,9,7.6923076923076925,92.3076923076923,0.0
122,1991,Vicebogernador/a,LA PAMPA,10,0.0,100.0,0.0
123,1991,Vicebogernador/a,LA RIOJA,11,11.11111111111111,88.88888888888889,1.0
124,1991,Vicebogernador/a,MENDOZA,12,30.0,70.0,0.0
125,1991,Vicebogernador/a,MISIONES,13,0.0,100.0,0.0
126,1991,Vicebogernador/a,NEUQUEN,14,28.57142857142857,71.42857142857143,0.0
127,1991,Vicebogernador/a,RIO NEGRO,15,28.57142857142857,71.42857142857143,0.0
128,1991,Vicebogernador/a,SALTA,16,6.666666666666667,93.33333333333333,0.0
129,1991,Vicebogernador/a,SAN JUAN,17,12.5,87.5,0.0
130,1991,Vicebogernador/a,SAN LUIS,18,9.090909090909092,90.9090909090909,0.0
131,1991,Vicebogernador/a,SANTA CRUZ,19,0.0,100.0,0.0
132,1991,Vicebogernador/a,SANTA FE,20,13.333333333333334,86.66666666666667,0.0
133,1991,Vicebogernador/a,SANTIAGO DEL ESTERO,21,22.22222222222222,77.77777777777779,0.0
134,1991,Vicebogernador/a,TIERRA DEL FUEGO,22,0.0,100.0,2.0
135,1991,Vicebogernador/a,TUCUMAN,23,10.0,90.0,0.0
136,1993,Gobernador/a,CORRIENTES,6,14.285714285714285,85.71428571428571,0.0
137,1993,Vicebogernador/a,CORRIENTES,6,14.285714285714285,85.71428571428571,0.0
138,1995,Gobernador/a,BUENOS AIRES,1,0.0,100.0,0.0
139,1995,Gobernador/a,CATAMARCA,2,0.0,100.0,0.0
140,1995,Gobernador/a,CHACO,3,0.0,100.0,0.0
141,1995,Gobernador/a,CHUBUT,4,16.666666666666664,83.33333333333334,0.0
142,1995,Gobernador/a,CORDOBA,5,0.0,100.0,0.0
143,1995,Gobernador/a,ENTRE RIOS,7,0.0,100.0,0.0
144,1995,Gobernador/a,FORMOSA,8,0.0,100.0,0.0
145,1995,Gobernador/a,JUJUY,9,0.0,100.0,0.0
146,1995,Gobernador/a,LA PAMPA,10,0.0,100.0,0.0
147,1995,Gobernador/a,LA RIOJA,11,0.0,100.0,0.0
148,1995,Gobernador/a,MENDOZA,12,16.666666666666664,83.33333333333334,0.0
149,1995,Gobernador/a,MISIONES,13,0.0,100.0,0.0
150,1995,Gobernador/a,NEUQUEN,14,0.0,100.0,0.0
151,1995,Gobernador/a,RIO NEGRO,15,0.0,100.0,0.0
152,1995,Gobernador/a,SALTA,16,11.11111111111111,88.88888888888889,0.0
153,1995,Gobernador/a,SAN JUAN,17,8.333333333333332,91.66666666666666,0.0
154,1995,Gobernador/a,SAN LUIS,18,25.0,75.0,0.0
155,1995,Gobernador/a,SANTA CRUZ,19,0.0,100.0,0.0
156,1995,Gobernador/a,SANTA FE,20,0.0,100.0,0.0
157,1995,Gobernador/a,SANTIAGO DEL ESTERO,21,0.0,100.0,0.0
158,1995,Gobernador/a,TIERRA DEL FUEGO,22,0.0,100.0,0.0
159,1995,Gobernador/a,TUCUMAN,23,33.33333333333333,66.66666666666666,0.0
160,1995,Vicebogernador/a,BUENOS AIRES,1,6.666666666666667,93.33333333333333,0.0
161,1995,Vicebogernador/a,CATAMARCA,2,10.0,90.0,0.0
162,1995,Vicebogernador/a,CHACO,3,25.0,75.0,0.0
163,1995,Vicebogernador/a,CHUBUT,4,0.0,100.0,0.0
164,1995,Vicebogernador/a,CORDOBA,5,0.0,100.0,0.0
165,1995,Vicebogernador/a,ENTRE RIOS,7,16.666666666666664,83.33333333333334,0.0
166,1995,Vicebogernador/a,FORMOSA,8,25.0,75.0,0.0
167,1995,Vicebogernador/a,JUJUY,9,9.090909090909092,90.9090909090909,1.0
168,1995,Vicebogernador/a,LA PAMPA,10,12.5,87.5,0.0
169,1995,Vicebogernador/a,LA RIOJA,11,0.0,100.0,0.0
170,1995,Vicebogernador/a,MENDOZA,12,33.33333333333333,66.66666666666666,0.0
171,1995,Vicebogernador/a,MISIONES,13,33.33333333333333,66.66666666666666,0.0
172,1995,Vicebogernador/a,NEUQUEN,14,33.33333333333333,66.66666666666666,6.0
173,1995,Vicebogernador/a,RIO NEGRO,15,20.0,80.0,0.0
174,1995,Vicebogernador/a,SALTA,16,0.0,100.0,0.0
175,1995,Vicebogernador/a,SAN JUAN,17,8.333333333333332,91.66666666666666,0.0
176,1995,Vicebogernador/a,SAN LUIS,18,0.0,100.0,0.0
177,1995,Vicebogernador/a,SANTA CRUZ,19,33.33333333333333,66.66666666666666,0.0
178,1995,Vicebogernador/a,SANTA FE,20,10.0,90.0,0.0
179,1995,Vicebogernador/a,SANTIAGO DEL ESTERO,21,20.0,80.0,0.0
180,1995,Vicebogernador/a,TIERRA DEL FUEGO,22,50.0,50.0,0.0
181,1995,Vicebogernador/a,TUCUMAN,23,11.11111111111111,88.88888888888889,0.0
182,1996,Gobernador/a,CABA,24,30.0,70.0,0.0
183,1996,Vicebogernador/a,CABA,24,40.0,60.0,0.0
184,1997,Gobernador/a,CORRIENTES,6,0.0,100.0,0.0
185,1997,Vicebogernador/a,CORRIENTES,6,20.0,80.0,0.0
186,1999,Gobernador/a,BUENOS AIRES,1,37.5,62.5,0.0
187,1999,Gobernador/a,CATAMARCA,2,14.285714285714285,85.71428571428571,0.0
188,1999,Gobernador/a,CHACO,3,0.0,100.0,0.0
189,1999,Gobernador/a,CHUBUT,4,0.0,100.0,0.0
190,1999,Gobernador/a,CORDOBA,5,11.11111111111111,88.88888888888889,0.0
191,1999,Gobernador/a,ENTRE RIOS,7,0.0,100.0,0.0
192,1999,Gobernador/a,FORMOSA,8,0.0,100.0,0.0
193,1999,Gobernador/a,JUJUY,9,16.666666666666664,83.33333333333334,0.0
194,1999,Gobernador/a,LA PAMPA,10,0.0,100.0,0.0
195,1999,Gobernador/a,LA RIOJA,11,0.0,100.0,0.0
196,1999,Gobernador/a,MENDOZA,12,20.0,80.0,0.0
197,1999,Gobernador/a,MISIONES,13,0.0,100.0,0.0
198,1999,Gobernador/a,NEUQUEN,14,28.57142857142857,71.42857142857143,0.0
199,1999,Gobernador/a,RIO NEGRO,15,0.0,100.0,0.0
200,1999,Gobernador/a,SALTA,16,0.0,100.0,0.0
201,1999,Gobernador/a,SAN JUAN,17,0.0,100.0,0.0
202,1999,Gobernador/a,SAN LUIS,18,0.0,100.0,0.0
203,1999,Gobernador/a,SANTA CRUZ,19,0.0,100.0,0.0
204,1999,Gobernador/a,SANTA FE,20,11.11111111111111,88.88888888888889,0.0
205,1999,Gobernador/a,SANTIAGO DEL ESTERO,21,0.0,100.0,0.0
206,1999,Gobernador/a,TIERRA DEL FUEGO,22,25.0,75.0,0.0
207,1999,Gobernador/a,TUCUMAN,23,0.0,100.0,3.0
208,1999,Vicebogernador/a,BUENOS AIRES,1,25.0,75.0,0.0
209,1999,Vicebogernador/a,CATAMARCA,2,14.285714285714285,85.71428571428571,0.0
210,1999,Vicebogernador/a,CHACO,3,33.33333333333333,66.66666666666666,0.0
211,1999,Vicebogernador/a,CHUBUT,4,25.0,75.0,0.0
212,1999,Vicebogernador/a,CORDOBA,5,44.44444444444444,55.55555555555556,0.0
213,1999,Vicebogernador/a,ENTRE RIOS,7,33.33333333333333,66.66666666666666,0.0
214,1999,Vicebogernador/a,FORMOSA,8,16.666666666666664,83.33333333333334,0.0
215,1999,Vicebogernador/a,JUJUY,9,0.0,100.0,0.0
216,1999,Vicebogernador/a,LA PAMPA,10,33.33333333333333,66.66666666666666,0.0
217,1999,Vicebogernador/a,LA RIOJA,11,0.0,100.0,0.0
218,1999,Vicebogernador/a,MENDOZA,12,20.0,80.0,0.0
219,1999,Vicebogernador/a,MISIONES,13,66.66666666666666,33.33333333333333,0.0
220,1999,Vicebogernador/a,NEUQUEN,14,28.57142857142857,71.42857142857143,0.0
221,1999,Vicebogernador/a,RIO NEGRO,15,25.0,75.0,0.0
222,1999,Vicebogernador/a,SALTA,16,20.0,80.0,0.0
223,1999,Vicebogernador/a,SAN JUAN,17,0.0,100.0,0.0
224,1999,Vicebogernador/a,SAN LUIS,18,50.0,50.0,1.0
225,1999,Vicebogernador/a,SANTA CRUZ,19,50.0,50.0,1.0
226,1999,Vicebogernador/a,SANTA FE,20,11.11111111111111,88.88888888888889,0.0
227,1999,Vicebogernador/a,SANTIAGO DEL ESTERO,21,20.0,80.0,0.0
228,1999,Vicebogernador/a,TIERRA DEL FUEGO,22,0.0,100.0,0.0
229,1999,Vicebogernador/a,TUCUMAN,23,0.0,100.0,4.0
230,2000,Gobernador/a,CABA,24,46.15384615384615,53.84615384615385,0.0
231,2000,Vicebogernador/a,CABA,24,15.384615384615385,84.61538461538461,0.0
232,2001,Gobernador/a,CORRIENTES,6,16.666666666666664,83.33333333333334,0.0
233,2001,Vicebogernador/a,CORRIENTES,6,16.666666666666664,83.33333333333334,0.0
234,2002,Gobernador/a,SANTIAGO DEL ESTERO,21,0.0,100.0,0.0
235,2002,Vicebogernador/a,SANTIAGO DEL ESTERO,21,66.66666666666666,33.33333333333333,0.0
236,2003,Gobernador/a,BUENOS AIRES,1,11.11111111111111,88.88888888888889,0.0
237,2003,Gobernador/a,CABA,24,33.33333333333333,66.66666666666666,0.0
238,2003,Gobernador/a,CATAMARCA,2,28.57142857142857,71.42857142857143,0.0
239,2003,Gobernador/a,CHACO,3,0.0,100.0,0.0
240,2003,Gobernador/a,CHUBUT,4,0.0,100.0,0.0
241,2003,Gobernador/a,CORDOBA,5,22.22222222222222,77.77777777777779,0.0
242,2003,Gobernador/a,ENTRE RIOS,7,0.0,100.0,0.0
243,2003,Gobernador/a,FORMOSA,8,0.0,100.0,0.0
244,2003,Gobernador/a,JUJUY,9,11.11111111111111,88.88888888888889,0.0
245,2003,Gobernador/a,LA PAMPA,10,0.0,100.0,0.0
246,2003,Gobernador/a,LA RIOJA,11,0.0,100.0,0.0
247,2003,Gobernador/a,MENDOZA,12,8.333333333333332,91.66666666666666,0.0
248,2003,Gobernador/a,MISIONES,13,0.0,100.0,0.0
249,2003,Gobernador/a,NEUQUEN,14,0.0,100.0,0.0
250,2003,Gobernador/a,RIO NEGRO,15,0.0,100.0,0.0
251,2003,Gobernador/a,SALTA,16,14.285714285714285,85.71428571428571,0.0
252,2003,Gobernador/a,SAN JUAN,17,12.5,87.5,0.0
253,2003,Gobernador/a,SAN LUIS,18,0.0,100.0,0.0
254,2003,Gobernador/a,SANTA CRUZ,19,0.0,100.0,0.0
255,2003,Gobernador/a,SANTA FE,20,15.384615384615385,84.61538461538461,0.0
256,2003,Gobernador/a,TIERRA DEL FUEGO,22,25.0,75.0,0.0
257,2003,Gobernador/a,TUCUMAN,23,0.0,100.0,0.0
258,2003,Vicebogernador/a,BUENOS AIRES,1,38.88888888888889,61.111111111111114,0.0
259,2003,Vicebogernador/a,CABA,24,0.0,100.0,0.0
260,2003,Vicebogernador/a,CATAMARCA,2,42.857142857142854,57.14285714285714,0.0
261,2003,Vicebogernador/a,CHACO,3,14.285714285714285,85.71428571428571,0.0
262,2003,Vicebogernador/a,CHUBUT,4,28.57142857142857,71.42857142857143,0.0
263,2003,Vicebogernador/a,CORDOBA,5,11.11111111111111,88.88888888888889,0.0
264,2003,Vicebogernador/a,ENTRE RIOS,7,28.57142857142857,71.42857142857143,0.0
265,2003,Vicebogernador/a,FORMOSA,8,12.5,87.5,0.0
266,2003,Vicebogernador/a,JUJUY,9,11.11111111111111,88.88888888888889,0.0
267,2003,Vicebogernador/a,LA PAMPA,10,28.57142857142857,71.42857142857143,0.0
268,2003,Vicebogernador/a,LA RIOJA,11,16.666666666666664,83.33333333333334,0.0
269,2003,Vicebogernador/a,MENDOZA,12,33.33333333333333,66.66666666666666,0.0
270,2003,Vicebogernador/a,MISIONES,13,42.857142857142854,57.14285714285714,0.0
271,2003,Vicebogernador/a,NEUQUEN,14,30.0,70.0,0.0
272,2003,Vicebogernador/a,RIO NEGRO,15,22.22222222222222,77.77777777777779,0.0
273,2003,Vicebogernador/a,SALTA,16,28.57142857142857,71.42857142857143,0.0
274,2003,Vicebogernador/a,SAN JUAN,17,25.0,75.0,0.0
275,2003,Vicebogernador/a,SAN LUIS,18,50.0,50.0,0.0
276,2003,Vicebogernador/a,SANTA CRUZ,19,33.33333333333333,66.66666666666666,0.0
277,2003,Vicebogernador/a,SANTA FE,20,15.384615384615385,84.61538461538461,0.0
278,2003,Vicebogernador/a,TIERRA DEL FUEGO,22,37.5,62.5,0.0
279,2003,Vicebogernador/a,TUCUMAN,23,12.5,87.5,0.0
280,2005,Gobernador/a,CORRIENTES,6,20.0,80.0,0.0
281,2005,Gobernador/a,SANTIAGO DEL ESTERO,21,30.0,70.0,0.0
282,2005,Vicebogernador/a,CORRIENTES,6,20.0,80.0,0.0
283,2005,Vicebogernador/a,SANTIAGO DEL ESTERO,21,20.0,80.0,0.0
284,2007,Gobernador/a,BUENOS AIRES,1,12.5,87.5,0.0
285,2007,Gobernador/a,CABA,24,16.666666666666664,83.33333333333334,0.0
286,2007,Gobernador/a,CATAMARCA,2,16.666666666666664,83.33333333333334,0.0
287,2007,Gobernador/a,CHACO,3,25.0,75.0,0.0
288,2007,Gobernador/a,CHUBUT,4,0.0,100.0,0.0
289,2007,Gobernador/a,CORDOBA,5,33.33333333333333,66.66666666666666,0.0
290,2007,Gobernador/a,ENTRE RIOS,7,12.5,87.5,0.0
291,2007,Gobernador/a,FORMOSA,8,14.285714285714285,85.71428571428571,0.0
292,2007,Gobernador/a,JUJUY,9,22.22222222222222,77.77777777777779,0.0
293,2007,Gobernador/a,LA PAMPA,10,14.285714285714285,85.71428571428571,0.0
294,2007,Gobernador/a,LA RIOJA,11,14.285714285714285,85.71428571428571,0.0
295,2007,Gobernador/a,MENDOZA,12,23.076923076923077,76.92307692307693,0.0
296,2007,Gobernador/a,MISIONES,13,0.0,100.0,0.0
297,2007,Gobernador/a,NEUQUEN,14,37.5,62.5,0.0
298,2007,Gobernador/a,RIO NEGRO,15,25.0,75.0,0.0
299,2007,Gobernador/a,SALTA,16,10.0,90.0,0.0
300,2007,Gobernador/a,SAN JUAN,17,11.11111111111111,88.88888888888889,0.0
301,2007,Gobernador/a,SAN LUIS,18,0.0,100.0,0.0
302,2007,Gobernador/a,SANTA CRUZ,19,0.0,100.0,0.0
303,2007,Gobernador/a,SANTA FE,20,18.181818181818183,81.81818181818183,0.0
304,2007,Gobernador/a,TIERRA DEL FUEGO,22,33.33333333333333,66.66666666666666,0.0
305,2007,Gobernador/a,TUCUMAN,23,7.6923076923076925,92.3076923076923,0.0
306,2007,Vicebogernador/a,BUENOS AIRES,1,18.75,81.25,0.0
307,2007,Vicebogernador/a,CABA,24,38.88888888888889,61.111111111111114,0.0
308,2007,Vicebogernador/a,CATAMARCA,2,50.0,50.0,0.0
309,2007,Vicebogernador/a,CHACO,3,12.5,87.5,0.0
310,2007,Vicebogernador/a,CHUBUT,4,25.0,75.0,0.0
311,2007,Vicebogernador/a,CORDOBA,5,11.11111111111111,88.88888888888889,0.0
312,2007,Vicebogernador/a,ENTRE RIOS,7,50.0,50.0,0.0
313,2007,Vicebogernador/a,FORMOSA,8,42.857142857142854,57.14285714285714,0.0
314,2007,Vicebogernador/a,JUJUY,9,33.33333333333333,66.66666666666666,0.0
315,2007,Vicebogernador/a,LA PAMPA,10,0.0,100.0,0.0
316,2007,Vicebogernador/a,LA RIOJA,11,28.57142857142857,71.42857142857143,0.0
317,2007,Vicebogernador/a,MENDOZA,12,30.76923076923077,69.23076923076923,0.0
318,2007,Vicebogernador/a,MISIONES,13,20.0,80.0,0.0
319,2007,Vicebogernador/a,NEUQUEN,14,12.5,87.5,0.0
320,2007,Vicebogernador/a,RIO NEGRO,15,37.5,62.5,0.0
321,2007,Vicebogernador/a,SALTA,16,30.0,70.0,0.0
322,2007,Vicebogernador/a,SAN JUAN,17,0.0,100.0,0.0
323,2007,Vicebogernador/a,SAN LUIS,18,33.33333333333333,66.66666666666666,0.0
324,2007,Vicebogernador/a,SANTA CRUZ,19,20.0,80.0,0.0
325,2007,Vicebogernador/a,SANTA FE,20,36.36363636363637,63.63636363636363,0.0
326,2007,Vicebogernador/a,TIERRA DEL FUEGO,22,33.33333333333333,66.66666666666666,0.0
327,2007,Vicebogernador/a,TUCUMAN,23,15.384615384615385,84.61538461538461,0.0
328,2008,Gobernador/a,SANTIAGO DEL ESTERO,21,18.75,81.25,0.0
329,2008,Vicebogernador/a,SANTIAGO DEL ESTERO,21,12.5,87.5,0.0
330,2009,Gobernador/a,CORRIENTES,6,0.0,100.0,0.0
331,2009,Vicebogernador/a,CORRIENTES,6,0.0,100.0,0.0
332,2011,Gobernador/a,BUENOS AIRES,1,14.285714285714285,85.71428571428571,0.0
333,2011,Gobernador/a,CABA,24,21.428571428571427,78.57142857142857,0.0
334,2011,Gobernador/a,CATAMARCA,2,40.0,60.0,0.0
335,2011,Gobernador/a,CHACO,3,33.33333333333333,66.66666666666666,0.0
336,2011,Gobernador/a,CHUBUT,4,12.5,87.5,0.0
337,2011,Gobernador/a,CORDOBA,5,16.666666666666664,83.33333333333334,0.0
338,2011,Gobernador/a,ENTRE RIOS,7,16.666666666666664,83.33333333333334,0.0
339,2011,Gobernador/a,FORMOSA,8,20.0,80.0,0.0
340,2011,Gobernador/a,JUJUY,9,14.285714285714285,85.71428571428571,0.0
341,2011,Gobernador/a,LA PAMPA,10,0.0,100.0,0.0
342,2011,Gobernador/a,LA RIOJA,11,0.0,100.0,0.0
343,2011,Gobernador/a,MENDOZA,12,0.0,100.0,0.0
344,2011,Gobernador/a,MISIONES,13,0.0,100.0,0.0
345,2011,Gobernador/a,NEUQUEN,14,50.0,50.0,0.0
346,2011,Gobernador/a,RIO NEGRO,15,28.57142857142857,71.42857142857143,0.0
347,2011,Gobernador/a,SALTA,16,0.0,100.0,0.0
348,2011,Gobernador/a,SAN JUAN,17,0.0,100.0,0.0
349,2011,Gobernador/a,SAN LUIS,18,0.0,100.0,0.0
350,2011,Gobernador/a,SANTA CRUZ,19,25.0,75.0,0.0
351,2011,Gobernador/a,SANTA FE,20,0.0,100.0,0.0
352,2011,Gobernador/a,TIERRA DEL FUEGO,22,33.33333333333333,66.66666666666666,0.0
353,2011,Gobernador/a,TUCUMAN,23,6.666666666666667,93.33333333333333,0.0
354,2011,Vicebogernador/a,BUENOS AIRES,1,57.14285714285714,42.857142857142854,0.0
355,2011,Vicebogernador/a,CABA,24,28.57142857142857,71.42857142857143,0.0
356,2011,Vicebogernador/a,CATAMARCA,2,20.0,80.0,0.0
357,2011,Vicebogernador/a,CHACO,3,16.666666666666664,83.33333333333334,0.0
358,2011,Vicebogernador/a,CHUBUT,4,12.5,87.5,0.0
359,2011,Vicebogernador/a,CORDOBA,5,33.33333333333333,66.66666666666666,0.0
360,2011,Vicebogernador/a,ENTRE RIOS,7,0.0,100.0,0.0
361,2011,Vicebogernador/a,FORMOSA,8,40.0,60.0,0.0
362,2011,Vicebogernador/a,JUJUY,9,14.285714285714285,85.71428571428571,0.0
363,2011,Vicebogernador/a,LA PAMPA,10,16.666666666666664,83.33333333333334,0.0
364,2011,Vicebogernador/a,LA RIOJA,11,33.33333333333333,66.66666666666666,0.0
365,2011,Vicebogernador/a,MENDOZA,12,28.57142857142857,71.42857142857143,0.0
366,2011,Vicebogernador/a,MISIONES,13,20.0,80.0,0.0
367,2011,Vicebogernador/a,NEUQUEN,14,66.66666666666666,33.33333333333333,0.0
368,2011,Vicebogernador/a,RIO NEGRO,15,42.857142857142854,57.14285714285714,0.0
369,2011,Vicebogernador/a,SALTA,16,12.5,87.5,0.0
370,2011,Vicebogernador/a,SAN JUAN,17,60.0,40.0,0.0
371,2011,Vicebogernador/a,SAN LUIS,18,0.0,100.0,0.0
372,2011,Vicebogernador/a,SANTA CRUZ,19,50.0,50.0,0.0
373,2011,Vicebogernador/a,SANTA FE,20,33.33333333333333,66.66666666666666,0.0
374,2011,Vicebogernador/a,TIERRA DEL FUEGO,22,33.33333333333333,66.66666666666666,0.0
375,2011,Vicebogernador/a,TUCUMAN,23,0.0,100.0,0.0
376,2013,Gobernador/a,CORRIENTES,6,0.0,100.0,0.0
377,2013,Gobernador/a,SANTIAGO DEL ESTERO,21,44.44444444444444,55.55555555555556,0.0
378,2013,Vicebogernador/a,CORRIENTES,6,50.0,50.0,0.0
379,2013,Vicebogernador/a,SANTIAGO DEL ESTERO,21,22.22222222222222,77.77777777777779,0.0
380,2015,Gobernador/a,BUENOS AIRES,1,20.0,80.0,0.0
381,2015,Gobernador/a,CABA,24,20.0,80.0,0.0
382,2015,Gobernador/a,CATAMARCA,2,33.33333333333333,66.66666666666666,0.0
383,2015,Gobernador/a,CHACO,3,33.33333333333333,66.66666666666666,0.0
384,2015,Gobernador/a,CHUBUT,4,0.0,100.0,0.0
385,2015,Gobernador/a,CORDOBA,5,14.285714285714285,85.71428571428571,0.0
386,2015,Gobernador/a,ENTRE RIOS,7,0.0,100.0,0.0
387,2015,Gobernador/a,FORMOSA,8,0.0,100.0,0.0
388,2015,Gobernador/a,JUJUY,9,28.57142857142857,71.42857142857143,0.0
389,2015,Gobernador/a,LA PAMPA,10,14.285714285714285,85.71428571428571,0.0
390,2015,Gobernador/a,LA RIOJA,11,11.11111111111111,88.88888888888889,0.0
391,2015,Gobernador/a,MENDOZA,12,33.33333333333333,66.66666666666666,0.0
392,2015,Gobernador/a,MISIONES,13,0.0,100.0,0.0
393,2015,Gobernador/a,NEUQUEN,14,25.0,75.0,0.0
394,2015,Gobernador/a,RIO NEGRO,15,25.0,75.0,0.0
395,2015,Gobernador/a,SALTA,16,16.666666666666664,83.33333333333334,0.0
396,2015,Gobernador/a,SAN JUAN,17,16.666666666666664,83.33333333333334,0.0
397,2015,Gobernador/a,SAN LUIS,18,0.0,100.0,0.0
398,2015,Gobernador/a,SANTA CRUZ,19,16.666666666666664,83.33333333333334,0.0
399,2015,Gobernador/a,SANTA FE,20,0.0,100.0,0.0
400,2015,Gobernador/a,TIERRA DEL FUEGO,22,25.0,75.0,0.0
401,2015,Gobernador/a,TUCUMAN,23,0.0,100.0,0.0
402,2015,Vicebogernador/a,BUENOS AIRES,1,0.0,100.0,0.0
403,2015,Vicebogernador/a,CABA,24,0.0,100.0,0.0
404,2015,Vicebogernador/a,CATAMARCA,2,66.66666666666666,33.33333333333333,0.0
405,2015,Vicebogernador/a,CHACO,3,0.0,100.0,0.0
406,2015,Vicebogernador/a,CHUBUT,4,25.0,75.0,0.0
407,2015,Vicebogernador/a,CORDOBA,5,28.57142857142857,71.42857142857143,0.0
408,2015,Vicebogernador/a,ENTRE RIOS,7,25.0,75.0,0.0
409,2015,Vicebogernador/a,FORMOSA,8,33.33333333333333,66.66666666666666,0.0
410,2015,Vicebogernador/a,JUJUY,9,0.0,100.0,0.0
411,2015,Vicebogernador/a,LA PAMPA,10,42.857142857142854,57.14285714285714,0.0
412,2015,Vicebogernador/a,LA RIOJA,11,22.22222222222222,77.77777777777779,0.0
413,2015,Vicebogernador/a,MENDOZA,12,33.33333333333333,66.66666666666666,0.0
414,2015,Vicebogernador/a,MISIONES,13,10.0,90.0,0.0
415,2015,Vicebogernador/a,NEUQUEN,14,25.0,75.0,0.0
416,2015,Vicebogernador/a,RIO NEGRO,15,50.0,50.0,0.0
417,2015,Vicebogernador/a,SALTA,16,33.33333333333333,66.66666666666666,0.0
418,2015,Vicebogernador/a,SAN JUAN,17,0.0,100.0,0.0
419,2015,Vicebogernador/a,SAN LUIS,18,0.0,100.0,0.0
420,2015,Vicebogernador/a,SANTA CRUZ,19,50.0,50.0,0.0
421,2015,Vicebogernador/a,SANTA FE,20,40.0,60.0,0.0
422,2015,Vicebogernador/a,TIERRA DEL FUEGO,22,50.0,50.0,0.0
423,2015,Vicebogernador/a,TUCUMAN,23,0.0,100.0,0.0
424,2017,Gobernador/a,CORRIENTES,6,0.0,100.0,0.0
425,2017,Gobernador/a,SANTIAGO DEL ESTERO,21,20.0,80.0,0.0
426,2017,Vicebogernador/a,CORRIENTES,6,33.33333333333333,66.66666666666666,0.0
427,2017,Vicebogernador/a,SANTIAGO DEL ESTERO,21,30.0,70.0,0.0
428,2019,Gobernador/a,BUENOS AIRES,1,20.0,80.0,0.0
429,2019,Gobernador/a,CABA,24,0.0,100.0,0.0
430,2019,Gobernador/a,CATAMARCA,2,0.0,100.0,0.0
431,2019,Gobernador/a,CHACO,3,0.0,100.0,0.0
432,2019,Gobernador/a,CHUBUT,4,14.285714285714285,85.71428571428571,0.0
433,2019,Gobernador/a,CORDOBA,5,16.666666666666664,83.33333333333334,0.0
434,2019,Gobernador/a,ENTRE RIOS,7,16.666666666666664,83.33333333333334,0.0
435,2019,Gobernador/a,FORMOSA,8,33.33333333333333,66.66666666666666,0.0
436,2019,Gobernador/a,JUJUY,9,25.0,75.0,0.0
437,2019,Gobernador/a,LA PAMPA,10,12.5,87.5,0.0
438,2019,Gobernador/a,LA RIOJA,11,33.33333333333333,66.66666666666666,0.0
439,2019,Gobernador/a,MENDOZA,12,50.0,50.0,0.0
440,2019,Gobernador/a,MISIONES,13,25.0,75.0,0.0
441,2019,Gobernador/a,NEUQUEN,14,22.22222222222222,77.77777777777779,0.0
442,2019,Gobernador/a,RIO NEGRO,15,42.857142857142854,57.14285714285714,0.0
443,2019,Gobernador/a,SALTA,16,20.0,80.0,0.0
444,2019,Gobernador/a,SAN JUAN,17,25.0,75.0,0.0
445,2019,Gobernador/a,SAN LUIS,18,0.0,100.0,0.0
446,2019,Gobernador/a,SANTA CRUZ,19,23.076923076923077,76.92307692307693,0.0
447,2019,Gobernador/a,SANTA FE,20,0.0,100.0,0.0
448,2019,Gobernador/a,TIERRA DEL FUEGO,22,33.33333333333333,66.66666666666666,0.0
449,2019,Gobernador/a,TUCUMAN,23,33.33333333333333,66.66666666666666,0.0
450,2019,Vicebogernador/a,BUENOS AIRES,1,60.0,40.0,0.0
451,2019,Vicebogernador/a,CABA,24,75.0,25.0,0.0
452,2019,Vicebogernador/a,CATAMARCA,2,25.0,75.0,0.0
453,2019,Vicebogernador/a,CHACO,3,50.0,50.0,0.0
454,2019,Vicebogernador/a,CHUBUT,4,71.42857142857143,28.57142857142857,0.0
455,2019,Vicebogernador/a,CORDOBA,5,41.66666666666667,58.333333333333336,0.0
456,2019,Vicebogernador/a,ENTRE RIOS,7,50.0,50.0,0.0
457,2019,Vicebogernador/a,FORMOSA,8,0.0,100.0,0.0
458,2019,Vicebogernador/a,JUJUY,9,41.66666666666667,58.333333333333336,0.0
459,2019,Vicebogernador/a,LA PAMPA,10,25.0,75.0,0.0
460,2019,Vicebogernador/a,LA RIOJA,11,83.33333333333334,16.666666666666664,0.0
461,2019,Vicebogernador/a,MENDOZA,12,25.0,75.0,0.0
462,2019,Vicebogernador/a,MISIONES,13,0.0,100.0,0.0
463,2019,Vicebogernador/a,NEUQUEN,14,11.11111111111111,88.88888888888889,0.0
464,2019,Vicebogernador/a,RIO NEGRO,15,42.857142857142854,57.14285714285714,0.0
465,2019,Vicebogernador/a,SALTA,16,20.0,80.0,0.0
466,2019,Vicebogernador/a,SAN JUAN,17,62.5,37.5,0.0
467,2019,Vicebogernador/a,SAN LUIS,18,33.33333333333333,66.66666666666666,0.0
468,2019,Vicebogernador/a,SANTA CRUZ,19,38.46153846153847,61.53846153846154,0.0
469,2019,Vicebogernador/a,SANTA FE,20,100.0,0.0,0.0
470,2019,Vicebogernador/a,TIERRA DEL FUEGO,22,33.33333333333333,66.66666666666666,0.0
471,2019,Vicebogernador/a,TUCUMAN,23,55.55555555555556,44.44444444444444,0.0
